iter	Passed	Remaining
0	1732	1730601
1	3504	1748749
2	5293	1759153
3	7012	1746041
4	8820	1755246
5	10592	1754788
6	12333	1749663
7	14087	1746880
8	15832	1743376
9	17620	1744413
10	19371	1741641
11	21089	1736398
12	22856	1735299
13	24584	1731419
14	26334	1729316
15	28069	1726246
16	29812	1723881
17	31551	1721318
18	33292	1718967
19	35045	1717218
20	36780	1714679
21	38521	1712441
22	40260	1710204
23	42006	1708255
24	43743	1705989
25	45469	1703359
26	47189	1700560
27	48934	1698709
28	50663	1696355
29	52412	1694677
30	54164	1693086
31	55921	1691614
32	57652	1689397
33	59444	1688921
34	61175	1686698
35	62958	1685881
36	64712	1684279
37	66447	1682166
38	68234	1681368
39	69949	1678797
40	71691	1676877
41	73441	1675174
42	75230	1674307
43	76955	1672039
44	78684	1669870
45	80413	1667698
46	82189	1666517
47	83936	1664730
48	85694	1663166
49	87435	1661274
50	89161	1659098
51	90907	1657306
52	92607	1654703
53	94329	1652516
54	96037	1650095
55	97782	1648331
56	99523	1646510
57	101303	1645310
58	103046	1643502
59	104763	1641296
60	106495	1639325
61	108225	1637342
62	109951	1635316
63	111683	1633376
64	113454	1632001
65	115180	1629972
66	116898	1627848
67	118678	1626587
68	120475	1625548
69	122175	1623188
70	123889	1621033
71	125622	1619137
72	127353	1617211
73	129107	1615583
74	130838	1613675
75	132576	1611850
76	134392	1610961
77	136168	1609587
78	137954	1608303
79	139713	1606707
80	141487	1605276
81	143313	1604408
82	145040	1602438
83	146783	1600638
84	148536	1598952
85	150267	1597032
86	152026	1595402
87	153780	1593720
88	155546	1592170
89	157298	1590461
90	159085	1589103
91	160831	1587340
92	162566	1585455
93	164363	1584188
94	166121	1582526
95	167865	1580730
96	169644	1579271
97	171394	1577526
98	173171	1576033
99	175044	1575401
100	176823	1573906
101	178594	1572332
102	180412	1571165
103	182142	1569226
104	183921	1567708
105	185665	1565896
106	187435	1564301
107	189211	1562746
108	190954	1560922
109	192724	1559317
110	194534	1558028
111	196283	1556249
112	198051	1554618
113	199824	1553020
114	201598	1551433
115	203361	1549756
116	205112	1547988
117	206914	1546601
118	208657	1544764
119	210449	1543293
120	212189	1541444
121	213930	1539597
122	215669	1537738
123	217421	1535979
124	219150	1534056
125	220915	1532378
126	222668	1530624
127	224415	1528830
128	226158	1527006
129	227889	1525104
130	229619	1523198
131	231368	1521424
132	233137	1519776
133	234904	1518113
134	236645	1516281
135	238423	1514692
136	240180	1512964
137	241916	1511099
138	243663	1509311
139	245443	1507725
140	247254	1506324
141	249064	1504910
142	250855	1503379
143	252645	1501838
144	254475	1500527
145	256260	1498946
146	258037	1497319
147	259841	1495843
148	261655	1494418
149	263460	1492943
150	265243	1491337
151	267021	1489698
152	268835	1488257
153	270597	1486529
154	272376	1484892
155	274175	1483358
156	275925	1481561
157	277693	1479860
158	279435	1478018
159	281209	1476348
160	282957	1474540
161	284742	1472927
162	286488	1471107
163	288228	1469262
164	289930	1467226
165	291651	1465283
166	293426	1463618
167	295186	1461875
168	297000	1460400
169	298849	1459090
170	300693	1457746
171	302521	1456322
172	304320	1454757
173	306224	1453688
174	308030	1452145
175	309809	1450470
176	311595	1448830
177	313390	1447232
178	315204	1445715
179	316978	1444010
180	318783	1442450
181	320587	1440884
182	322388	1439295
183	324292	1438166
184	326139	1436777
185	327902	1435013
186	329649	1433183
187	331402	1431378
188	333371	1430497
189	335116	1428653
190	336852	1426773
191	338627	1425055
192	340369	1423204
193	342148	1421503
194	343884	1419624
195	345687	1418024
196	347438	1416207
197	349189	1414392
198	350950	1412621
199	352719	1410877
200	354464	1409040
201	356214	1407222
202	358049	1405739
203	359892	1404286
204	361610	1402341
205	363374	1400578
206	365118	1398737
207	366881	1396972
208	368611	1395079
209	370357	1393250
210	372107	1391433
211	373871	1389672
212	375651	1387970
213	377429	1386259
214	379179	1384445
215	380962	1382754
216	382688	1380853
217	384436	1379035
218	386156	1377114
219	387945	1375444
220	389756	1373849
221	391508	1372044
222	393237	1370160
223	395008	1368423
224	396759	1366616
225	398525	1364862
226	400271	1363037
227	402011	1361198
228	403762	1359391
229	405505	1357560
230	407243	1355713
231	408987	1353890
232	410737	1352083
233	412529	1350417
234	414293	1348658
235	416085	1346988
236	417897	1345382
237	419679	1343680
238	421466	1341990
239	423229	1340225
240	425003	1338496
241	426776	1336763
242	428562	1335070
243	430310	1333258
244	432082	1331519
245	433901	1329926
246	435674	1328189
247	437461	1326495
248	439198	1324651
249	440957	1322873
250	442672	1320964
251	444411	1319124
252	446190	1317407
253	447940	1315604
254	449689	1313797
255	451485	1312128
256	453214	1310266
257	454998	1308562
258	456752	1306770
259	458499	1304960
260	460283	1303254
261	462014	1301398
262	463771	1299618
263	465534	1297854
264	467298	1296092
265	469064	1294334
266	470846	1292623
267	472599	1290830
268	474361	1289064
269	476115	1287274
270	477838	1285402
271	479593	1283618
272	481377	1281910
273	483126	1280108
274	484902	1278379
275	486640	1276548
276	488420	1274831
277	490167	1273025
278	491935	1271273
279	493716	1269557
280	495474	1267779
281	497240	1266024
282	499019	1264300
283	500787	1262548
284	502525	1260721
285	504255	1258874
286	506195	1257551
287	508009	1255912
288	509778	1254162
289	511528	1252363
290	513295	1250607
291	515086	1248907
292	516847	1247136
293	518583	1245306
294	520343	1243533
295	522094	1241739
296	523841	1239935
297	525637	1238246
298	527417	1236521
299	529186	1234767
300	530957	1233021
301	532791	1231418
302	534611	1229781
303	536389	1228048
304	538128	1226226
305	539872	1224416
306	541636	1222651
307	543403	1220892
308	545148	1219085
309	546865	1217217
310	548673	1215550
311	550402	1213707
312	552142	1211891
313	553901	1210115
314	555654	1208328
315	557394	1206511
316	559148	1204726
317	560921	1202983
318	562790	1201443
319	564507	1199578
320	566519	1198339
321	568262	1196528
322	570043	1194796
323	571874	1193169
324	573625	1191377
325	575411	1189655
326	577146	1187828
327	578901	1186042
328	580638	1184220
329	582424	1182498
330	584175	1180704
331	585962	1178984
332	587723	1177211
333	589489	1175449
334	591265	1173705
335	593032	1171944
336	594793	1170172
337	596560	1168410
338	598325	1166647
339	600123	1164944
340	601854	1163115
341	603589	1161291
342	605350	1159519
343	607168	1157857
344	608972	1156164
345	610803	1154524
346	612811	1153215
347	614630	1151548
348	616942	1150800
349	618900	1149386
350	620793	1147848
351	622882	1146670
352	624852	1145268
353	626659	1143565
354	628464	1141858
355	630322	1140246
356	632143	1138567
357	633961	1136880
358	635776	1135189
359	637559	1133438
360	639366	1131732
361	641131	1129950
362	642877	1128134
363	644611	1126299
364	646389	1124540
365	648197	1122833
366	649948	1121028
367	651735	1119284
368	653566	1117616
369	655300	1115781
370	657049	1113974
371	658813	1112190
372	660579	1110410
373	662327	1108600
374	664085	1106808
375	665824	1104984
376	667599	1103222
377	669366	1101443
378	671104	1099620
379	672849	1097807
380	674675	1096125
381	676426	1094324
382	678179	1092524
383	679957	1090764
384	681714	1088973
385	683497	1087222
386	685239	1085405
387	687062	1083717
388	688868	1082001
389	690731	1080374
390	692534	1078653
391	694351	1076953
392	696147	1075220
393	697956	1073506
394	699773	1071805
395	701627	1070159
396	703447	1068460
397	705325	1066849
398	707126	1065121
399	708936	1063405
400	710784	1061745
401	712636	1060090
402	714544	1058518
403	716355	1056802
404	718162	1055078
405	720014	1053420
406	721923	1051844
407	723837	1050273
408	725766	1048723
409	727775	1047286
410	729745	1045791
411	731656	1044209
412	733628	1042712
413	735515	1041091
414	737604	1039755
415	739845	1038628
416	741952	1037309
417	743952	1035837
418	748343	1037678
419	751312	1037526
420	755988	1039708
421	758873	1039405
422	761170	1038287
423	763278	1036906
424	765701	1035948
425	767988	1034801
426	770518	1033973
427	772417	1032295
428	774296	1030590
429	776177	1028886
430	778026	1027139
431	779902	1025427
432	781771	1023706
433	783583	1021908
434	785316	1020009
435	787051	1018112
436	788782	1016211
437	790511	1014309
438	792321	1012510
439	794056	1010617
440	795847	1008795
441	797608	1006935
442	799350	1005053
443	801089	1003166
444	802817	1001266
445	804562	999389
446	806318	997526
447	808095	995688
448	809853	993829
449	811644	992010
450	813386	990131
451	815120	988243
452	816885	986393
453	818630	984519
454	820354	982622
455	822106	980758
456	823861	978899
457	825611	977034
458	827382	975193
459	829150	973350
460	830880	971463
461	832656	969630
462	834393	967752
463	836143	965889
464	837888	964021
465	839662	962188
466	841446	960366
467	843222	958534
468	845002	956709
469	846792	954893
470	848568	953063
471	850339	951227
472	852129	949413
473	853885	947560
474	855620	945685
475	857367	943825
476	859133	941984
477	860892	940137
478	862634	938272
479	864383	936415
480	866154	934582
481	867923	932747
482	869690	930910
483	871523	929144
484	873360	927382
485	875124	925542
486	876919	923736
487	878734	921951
488	880526	920141
489	882308	918321
490	884069	916479
491	885841	914648
492	887630	912836
493	889394	910998
494	891154	909157
495	892949	907351
496	894759	905561
497	896535	903736
498	898293	901894
499	900067	900067
500	901825	898225
501	903653	896452
502	905488	894687
503	907245	892844
504	909000	891000
505	910759	889160
506	912526	887328
507	914286	885489
508	916037	883642
509	917837	881844
510	919620	880027
511	921382	878193
512	923151	876363
513	924892	874509
514	926675	872694
515	928443	870865
516	930214	869039
517	931956	867187
518	933714	865350
519	935464	863505
520	937321	861759
521	939101	859943
522	940910	858153
523	942683	856330
524	944511	854557
525	946257	852711
526	948001	850863
527	949764	849031
528	951547	847219
529	953346	845420
530	955114	843594
531	956877	841764
532	958624	839920
533	960394	838096
534	962140	836252
535	963895	834416
536	965636	832569
537	967406	830746
538	969149	828901
539	970888	827052
540	972642	825218
541	974449	823428
542	976201	821591
543	977956	819757
544	979715	817927
545	981473	816097
546	983256	814287
547	985019	812460
548	986787	810639
549	988548	808812
550	990315	806989
551	992087	805172
552	993915	803400
553	995701	801594
554	997475	799777
555	999278	797985
556	1001041	796160
557	1002788	794323
558	1004598	792536
559	1006383	790729
560	1008147	788907
561	1009917	787088
562	1011682	785266
563	1013459	783454
564	1015213	781624
565	1016989	779812
566	1018791	778018
567	1020526	776175
568	1022292	774355
569	1024040	772522
570	1025804	770700
571	1027561	768875
572	1029334	767060
573	1031088	765232
574	1032893	763442
575	1034683	761642
576	1036453	759826
577	1038235	758020
578	1039982	756187
579	1041724	754352
580	1043513	752551
581	1045263	750721
582	1047039	748911
583	1048787	747081
584	1050571	745277
585	1052346	743466
586	1054258	741752
587	1056036	739943
588	1057797	738123
589	1059564	736307
590	1061361	734512
591	1063190	732739
592	1065044	730983
593	1066890	729221
594	1068714	727444
595	1070543	725670
596	1072378	723900
597	1074152	722088
598	1075913	720269
599	1077686	718457
600	1079445	716636
601	1081269	714859
602	1083096	713083
603	1084872	711273
604	1086698	709497
605	1088462	707680
606	1090220	705859
607	1091987	704044
608	1093773	702242
609	1095543	700429
610	1097273	698591
611	1099042	696778
612	1100785	694949
613	1102551	693135
614	1104334	691331
615	1106078	689503
616	1107822	687675
617	1109575	685854
618	1111347	684044
619	1113124	682237
620	1114869	680411
621	1116643	678603
622	1118365	676763
623	1120113	674940
624	1121871	673123
625	1123672	671331
626	1125422	669509
627	1127148	667674
628	1128874	665838
629	1130586	663995
630	1132347	662180
631	1134092	660357
632	1135813	658520
633	1137578	656709
634	1139315	654882
635	1141086	653074
636	1142894	651288
637	1144622	649456
638	1146360	647630
639	1148089	645800
640	1149804	643962
641	1151534	642133
642	1153251	640296
643	1155007	638482
644	1156754	636663
645	1158504	634846
646	1160235	633018
647	1161977	631197
648	1163702	629367
649	1165426	627537
650	1167171	625718
651	1168896	623889
652	1170651	622076
653	1172366	620242
654	1174094	618416
655	1175849	616603
656	1177615	614797
657	1179366	612983
658	1181118	611170
659	1182868	609356
660	1184629	607548
661	1186350	605719
662	1188099	603905
663	1189837	602086
664	1191611	600285
665	1193385	598484
666	1195160	596684
667	1196917	594875
668	1198736	593096
669	1200523	591302
670	1202292	589499
671	1204038	587685
672	1205780	585869
673	1207548	584066
674	1209287	582249
675	1211090	580463
676	1212901	578681
677	1214698	576892
678	1216481	575096
679	1218219	573279
680	1219991	571478
681	1221751	569673
682	1223531	567876
683	1225397	566119
684	1227139	564304
685	1228917	562507
686	1230656	560692
687	1232409	558883
688	1234182	557083
689	1236017	555312
690	1237751	553495
691	1239527	551697
692	1241364	549926
693	1243111	548115
694	1244885	546316
695	1246628	544504
696	1248369	542691
697	1250127	540886
698	1251931	539100
699	1253684	537293
700	1255448	535490
701	1257192	533679
702	1258998	531895
703	1260739	530083
704	1262463	528265
705	1264190	526447
706	1265919	524631
707	1267641	522812
708	1269415	521015
709	1271153	519203
710	1272897	517394
711	1274632	515581
712	1276390	513778
713	1278158	511979
714	1279903	510171
715	1281668	508371
716	1283450	506578
717	1285259	504795
718	1286992	502983
719	1288741	501177
720	1290494	499372
721	1292248	497569
722	1293998	495764
723	1295720	493948
724	1297458	492139
725	1299205	490333
726	1300956	488529
727	1302707	486725
728	1304455	484920
729	1306214	483120
730	1307959	481314
731	1309701	479508
732	1311414	477691
733	1313165	475888
734	1314883	474073
735	1316619	472265
736	1318399	470473
737	1320138	468667
738	1321898	466867
739	1323678	465076
740	1325452	463282
741	1327212	461483
742	1328986	459689
743	1330742	457889
744	1332497	456089
745	1334276	454297
746	1336015	452492
747	1337776	450694
748	1339515	448889
749	1341257	447085
750	1343019	445288
751	1344821	443504
752	1346579	441706
753	1348330	439906
754	1350088	438108
755	1351833	436305
756	1353613	434515
757	1355385	432722
758	1357131	430920
759	1358878	429119
760	1360623	427317
761	1362363	425514
762	1364142	423724
763	1365899	421927
764	1367635	420123
765	1369400	418328
766	1371137	416525
767	1372949	414745
768	1374722	412953
769	1376463	411151
770	1378219	409354
771	1379974	407557
772	1381731	405760
773	1383476	403960
774	1385211	402158
775	1386951	400357
776	1388703	398559
777	1390443	396758
778	1392210	394966
779	1393933	393160
780	1395713	391371
781	1397460	389573
782	1399191	387770
783	1400923	385968
784	1402694	384177
785	1404467	382386
786	1406205	380586
787	1407992	378799
788	1409721	376997
789	1411474	375201
790	1413252	373413
791	1415045	371628
792	1416863	369849
793	1418667	368067
794	1420386	366263
795	1422151	364470
796	1423943	362685
797	1425713	360894
798	1427471	359101
799	1429213	357303
800	1430960	355507
801	1432741	353719
802	1434593	351948
803	1436310	350145
804	1438062	348350
805	1439826	346558
806	1441593	344767
807	1443339	342971
808	1445091	341177
809	1446873	339390
810	1448610	337592
811	1450328	335790
812	1452092	333999
813	1453928	332224
814	1455712	330437
815	1457438	328638
816	1459202	326847
817	1460934	325048
818	1462703	323259
819	1464473	321469
820	1466313	319695
821	1468095	317908
822	1469833	316112
823	1471584	314319
824	1473328	312524
825	1475051	310725
826	1476826	308937
827	1478561	307140
828	1480306	305346
829	1482078	303558
830	1483806	301760
831	1485586	299974
832	1487318	298177
833	1489052	296382
834	1490802	294589
835	1492564	292799
836	1494307	291006
837	1496032	289209
838	1497820	287424
839	1499575	285633
840	1501358	283847
841	1503165	282066
842	1504926	280276
843	1506668	278483
844	1508409	276690
845	1510151	274897
846	1511914	273108
847	1513653	271315
848	1515424	269527
849	1517218	267744
850	1518947	265949
851	1520679	264155
852	1522422	262363
853	1524156	260570
854	1525924	258782
855	1527667	256990
856	1529399	255197
857	1531160	253408
858	1532899	251616
859	1534610	249820
860	1536333	248026
861	1538083	246236
862	1539819	244444
863	1541607	242660
864	1543335	240867
865	1545096	239079
866	1546813	237285
867	1548580	235498
868	1550335	233709
869	1552129	231927
870	1553906	230142
871	1555656	228353
872	1557405	226564
873	1559160	224776
874	1560912	222987
875	1562643	221196
876	1564409	219409
877	1566153	217620
878	1567886	215829
879	1569643	214042
880	1571405	212255
881	1573178	210470
882	1574948	208685
883	1576698	206897
884	1578445	205108
885	1580175	203318
886	1581946	201533
887	1583713	199747
888	1585472	197961
889	1587230	196174
890	1588988	194388
891	1590704	192596
892	1592459	190809
893	1594196	189021
894	1595949	187234
895	1597703	185447
896	1599515	183667
897	1601248	181879
898	1602994	180091
899	1604726	178302
900	1606481	176516
901	1608281	174735
902	1610090	172955
903	1611822	171166
904	1613616	169385
905	1615354	167597
906	1617101	165810
907	1618831	164022
908	1620559	162234
909	1622308	160448
910	1624047	158661
911	1625768	156872
912	1627512	155086
913	1629325	153306
914	1631065	151519
915	1632830	149735
916	1634597	147951
917	1636394	146170
918	1638141	144384
919	1639882	142598
920	1641642	140814
921	1643425	139031
922	1645172	137246
923	1646906	135459
924	1648666	133675
925	1650405	131889
926	1652111	130101
927	1653869	128317
928	1655600	126531
929	1657327	124745
930	1659119	122963
931	1660850	121177
932	1662607	119394
933	1664328	117607
934	1666106	115825
935	1667854	114041
936	1669605	112257
937	1671377	110474
938	1673153	108692
939	1674879	106907
940	1676710	105128
941	1678597	103353
942	1680433	101574
943	1682250	99794
944	1684056	98013
945	1685868	96233
946	1687679	94453
947	1689411	92668
948	1691176	90885
949	1692949	89102
950	1694662	87317
951	1696411	85533
952	1698197	83751
953	1699946	81968
954	1701672	80183
955	1703405	78399
956	1705153	76616
957	1706894	74832
958	1708661	73050
959	1710378	71265
960	1712089	69481
961	1713798	67696
962	1715554	65914
963	1717314	64132
964	1719097	62350
965	1720854	60568
966	1722587	58785
967	1724337	57002
968	1726073	55220
969	1727852	53438
970	1729606	51656
971	1731370	49874
972	1733123	48092
973	1734843	46309
974	1736595	44528
975	1738368	42746
976	1740105	40964
977	1741873	39183
978	1743602	37401
979	1745347	35619
980	1747107	33837
981	1748863	32056
982	1750595	30274
983	1752347	28493
984	1754091	26712
985	1755858	24931
986	1757594	23149
987	1759303	21368
988	1761029	19586
989	1762779	17805
990	1764517	16024
991	1766268	14244
992	1768038	12463
993	1769756	10682
994	1771467	8901
995	1773245	7121
996	1774979	5340
997	1776727	3560
998	1778511	1780
999	1780270	0
